Constellation,SatID,GpsTime,EphemerisData
G,G02,1413950400.00,-0.0003289300948381423950195312500,0.0000000000082991391536779701710,0.0000000000000000000000000000000,77.0000000000000000000000000000000,36.3125000000000000000000000000000,0.0000000042508911946015359717421,2.7810106277465820312500000000000,0.0000020731240510940551757812500,0.0162958614528179168701171875000,0.0000092331320047378540039062500,5153.6938476562500000000000000000000,532800.0000000000000000000000000000000,0.0000003427267074584960937500000,-0.6962350010871887207031250000000,0.0000001713633537292480468750000,0.9668790698051452636718750000000,197.3750000000000000000000000000000,-1.1124575138092041015625000000000,-0.0000000077796098452154183178209,-0.0000000001603638194458412158383,1.0000000000000000000000000000000,2337.0000000000000000000000000000000,0.0000000000000000000000000000000,2.0000000000000000000000000000000,0.0000000000000000000000000000000,-0.0000000176951289176940917968750,77.0000000000000000000000000000000,525618.0000000000000000000000000000000,4.0000000000000000000000000000000,nan,nan
G,G03,1413957584.00,0.0005815732292830944061279296875,0.0000000000111413100967183709145,0.0000000000000000000000000000000,34.0000000000000000000000000000000,12.5937500000000000000000000000000,0.0000000041876746514901697082678,0.3040939867496490478515625000000,0.0000006631016731262207031250000,0.0056823180057108402252197265625,0.0000045988708734512329101562500,5153.6367187500000000000000000000000,539984.0000000000000000000000000000000,-0.0000000800937414169311523437500,0.4406863749027252197265625000000,0.0000000484287738800048828125000,0.9868041276931762695312500000000,303.5625000000000000000000000000000,1.1625746488571166992187500000000,-0.0000000081460536094368762860540,0.0000000000746459630218687664183,1.0000000000000000000000000000000,2337.0000000000000000000000000000000,0.0000000000000000000000000000000,2.0000000000000000000000000000000,0.0000000000000000000000000000000,0.0000000013969838619232177734375,34.0000000000000000000000000000000,532818.0000000000000000000000000000000,4.0000000000000000000000000000000,nan,nan
G,G04,1413957600.00,0.0004683481529355049133300781250,0.0000000000067075234255753457546,0.0000000000000000000000000000000,106.0000000000000000000000000000000,-86.8437500000000000000000000000000,0.0000000044201842186453177419025,-2.9074256420135498046875000000000,-0.0000045113265514373779296875000,0.0030968973878771066665649414062,0.0000070985406637191772460937500,5153.6962890625000000000000000000000,540000.0000000000000000000000000000000,0.0000000055879354476928710937500,1.5178529024124145507812500000000,-0.0000000037252902984619140625000,0.9656582474708557128906250000000,244.4687500000000000000000000000000,-3.0078639984130859375000000000000,-0.0000000080389064294195122784004,-0.0000000001932223409051303519846,1.0000000000000000000000000000000,2337.0000000000000000000000000000000,0.0000000000000000000000000000000,2.0000000000000000000000000000000,0.0000000000000000000000000000000,-0.0000000046566128730773925781250,874.0000000000000000000000000000000,538578.0000000000000000000000000000000,4.0000000000000000000000000000000,nan,nan
G,G06,1413957600.00,-0.0000661402009427547454833984375,-0.0000000000281943357549607753754,0.0000000000000000000000000000000,99.0000000000000000000000000000000,29.5312500000000000000000000000000,0.0000000038430170157255361118587,1.7872747182846069335937500000000,0.0000016689300537109375000000000,0.0031870037782937288284301757812,0.0000089146196842193603515625000,5153.7216796875000000000000000000000,540000.0000000000000000000000000000000,0.0000000670552253723144531250000,-0.5946209430694580078125000000000,-0.0000000745058059692382812500000,0.9895967245101928710937500000000,218.8750000000000000000000000000000,-0.7721354365348815917968750000000,-0.0000000077031776513081240409520,-0.0000000000853606976769505365610,1.0000000000000000000000000000000,2337.0000000000000000000000000000000,0.0000000000000000000000000000000,2.0000000000000000000000000000000,0.0000000000000000000000000000000,0.0000000037252902984619140625000,99.0000000000000000000000000000000,536046.0000000000000000000000000000000,4.0000000000000000000000000000000,nan,nan
G,G08,1413950400.00,0.0003954186104238033294677734375,0.0000000000111413100967183709145,0.0000000000000000000000000000000,31.0000000000000000000000000000000,0.2500000000000000000000000000000,0.0000000049669925950013293913798,2.6408500671386718750000000000000,0.0000000484287738800048828125000,0.0098357936367392539978027343750,0.0000071171671152114868164062500,5153.6992187500000000000000000000000,532800.0000000000000000000000000000000,-0.0000001769512891769409179687500,-1.6959776878356933593750000000000,-0.0000001341104507446289062500000,0.9505979418754577636718750000000,237.7187500000000000000000000000000,0.3743576705455780029296875000000,-0.0000000081267668150530880666338,-0.0000000002928693398907000755571,1.0000000000000000000000000000000,2337.0000000000000000000000000000000,0.0000000000000000000000000000000,2.0000000000000000000000000000000,0.0000000000000000000000000000000,0.0000000046566128730773925781250,31.0000000000000000000000000000000,525618.0000000000000000000000000000000,4.0000000000000000000000000000000,nan,nan
G,G10,1413950400.00,-0.0001718918792903423309326171875,-0.0000000000137561073643155395985,0.0000000000000000000000000000000,54.0000000000000000000000000000000,5.5312500000000000000000000000000,0.0000000040023095948527043219656,-1.6813793182373046875000000000000,0.0000002682209014892578125000000,0.0098477443680167198181152343750,0.0000044517219066619873046875000,5153.6826171875000000000000000000000,532800.0000000000000000000000000000000,0.0000001434236764907836914062500,0.4382075965404510498046875000000,-0.0000001639127731323242187500000,0.9864429831504821777343750000000,308.0312500000000000000000000000000,-2.3692350387573242187500000000000,-0.0000000078710424844530280097388,0.0000000001067901600482201729392,1.0000000000000000000000000000000,2337.0000000000000000000000000000000,0.0000000000000000000000000000000,2.0000000000000000000000000000000,0.0000000000000000000000000000000,0.0000000023283064365386962890625,54.0000000000000000000000000000000,525618.0000000000000000000000000000000,4.0000000000000000000000000000000,nan,nan
G,G12,1413950384.00,-0.0005477131344377994537353515625,-0.0000000000026147972675971686840,0.0000000000000000000000000000000,10.0000000000000000000000000000000,36.1250000000000000000000000000000,0.0000000048869894797576307610143,-0.8836964964866638183593750000000,0.0000020358711481094360351562500,0.0087788226082921028137207031250,0.0000064205378293991088867187500,5153.5717773437500000000000000000000,532784.0000000000000000000000000000000,-0.0000001136213541030883789062500,-2.6374704837799072265625000000000,0.0000000968575477600097656250000,0.9617409110069274902343750000000,263.8437500000000000000000000000000,1.4652763605117797851562500000000,-0.0000000083035605058512373943813,0.0000000001778645564165515224886,1.0000000000000000000000000000000,2337.0000000000000000000000000000000,0.0000000000000000000000000000000,2.0000000000000000000000000000000,0.0000000000000000000000000000000,-0.0000000125728547573089599609375,10.0000000000000000000000000000000,532758.0000000000000000000000000000000,4.0000000000000000000000000000000,nan,nan
G,G13,1413950400.00,0.0006831930950284004211425781250,0.0000000000017053025658242404461,0.0000000000000000000000000000000,54.0000000000000000000000000000000,-72.9062500000000000000000000000000,0.0000000040987422345040158688789,2.3222298622131347656250000000000,-0.0000038929283618927001953125000,0.0087419804185628890991210937500,0.0000073295086622238159179687500,5153.6943359375000000000000000000000,532800.0000000000000000000000000000000,0.0000000130385160446166992187500,1.6254543066024780273437500000000,-0.0000001434236764907836914062500,0.9719929099082946777343750000000,244.2500000000000000000000000000000,0.9715675115585327148437500000000,-0.0000000078403266101645385788288,-0.0000000000985755366222917928098,1.0000000000000000000000000000000,2337.0000000000000000000000000000000,0.0000000000000000000000000000000,2.0000000000000000000000000000000,0.0000000000000000000000000000000,-0.0000000116415321826934814453125,54.0000000000000000000000000000000,525618.0000000000000000000000000000000,4.0000000000000000000000000000000,nan,nan
G,G14,1413950400.00,0.0005257744342088699340820312500,0.0000000000082991391536779701710,0.0000000000000000000000000000000,168.0000000000000000000000000000000,40.2187500000000000000000000000000,0.0000000051205706341761469957419,-1.0267230272293090820312500000000,0.0000020842999219894409179687500,0.0049619912169873714447021484375,0.0000060796737670898437500000000,5153.6938476562500000000000000000000,532800.0000000000000000000000000000000,0.0000000651925802230834960937500,-2.6842937469482421875000000000000,-0.0000000223517417907714843750000,0.9450922608375549316406250000000,251.5000000000000000000000000000000,-2.8557853698730468750000000000000,-0.0000000083510620640936394920573,0.0000000002589393699459208164626,1.0000000000000000000000000000000,2337.0000000000000000000000000000000,0.0000000000000000000000000000000,2.0000000000000000000000000000000,0.0000000000000000000000000000000,-0.0000000079162418842315673828125,424.0000000000000000000000000000000,525618.0000000000000000000000000000000,4.0000000000000000000000000000000,nan,nan
G,G15,1413950400.00,0.0002201320603489875793457031250,0.0000000000044337866711430251598,0.0000000000000000000000000000000,17.0000000000000000000000000000000,-72.8125000000000000000000000000000,0.0000000051073554274694288324099,1.6291233301162719726562500000000,-0.0000041518360376358032226562500,0.0161794722080230712890625000000,0.0000057071447372436523437500000,5153.7182617187500000000000000000000,532800.0000000000000000000000000000000,-0.0000000726431608200073242187500,1.3253638744354248046875000000000,-0.0000003892928361892700195312500,0.9365293383598327636718750000000,259.9062500000000000000000000000000,1.3703758716583251953125000000000,-0.0000000084646378795127930061426,-0.0000000001228622620308428281533,1.0000000000000000000000000000000,2337.0000000000000000000000000000000,0.0000000000000000000000000000000,2.0000000000000000000000000000000,0.0000000000000000000000000000000,-0.0000000102445483207702636718750,17.0000000000000000000000000000000,525618.0000000000000000000000000000000,4.0000000000000000000000000000000,nan,nan
G,G17,1413950400.00,0.0005824593827128410339355468750,-0.0000000000135287336888723075390,0.0000000000000000000000000000000,128.0000000000000000000000000000000,-7.2812500000000000000000000000000,0.0000000045459036535078212182270,2.5635595321655273437500000000000,-0.0000002365559197414768277667463,0.0135246822610497474670410156250,0.0000067893415689468383789062500,5153.5629882812500000000000000000000,532800.0000000000000000000000000000000,0.0000001993030309677124023437500,-1.5988289117813110351562500000000,-0.0000000447034835815429687500000,0.9663665294647216796875000000000,247.5937500000000000000000000000000,-1.2824627161026000976562500000000,-0.0000000078781852153042564168572,-0.0000000004246605567193029173723,1.0000000000000000000000000000000,2337.0000000000000000000000000000000,0.0000000000000000000000000000000,2.0000000000000000000000000000000,0.0000000000000000000000000000000,-0.0000000111758708953857421875000,128.0000000000000000000000000000000,527022.0000000000000000000000000000000,4.0000000000000000000000000000000,nan,nan
G,G19,1413950400.00,0.0005550561472773551940917968750,0.0000000000045474735088646411896,0.0000000000000000000000000000000,39.0000000000000000000000000000000,-5.4062500000000000000000000000000,0.0000000045734047660062060458586,-1.8262959718704223632812500000000,-0.0000002589076757431030273437500,0.0099861565977334976196289062500,0.0000076275318861007690429687500,5153.7465820312500000000000000000000,532800.0000000000000000000000000000000,-0.0000002291053533554077148437500,-1.5545679330825805664062500000000,-0.0000001396983861923217773437500,0.9655709266662597656250000000000,237.9687500000000000000000000000000,2.6698327064514160156250000000000,-0.0000000081114093219980532012414,-0.0000000002692969180984050581174,1.0000000000000000000000000000000,2337.0000000000000000000000000000000,0.0000000000000000000000000000000,2.0000000000000000000000000000000,0.0000000000000000000000000000000,-0.0000000153668224811553955078125,39.0000000000000000000000000000000,530538.0000000000000000000000000000000,4.0000000000000000000000000000000,nan,nan
G,G21,1413950400.00,0.0000989492982625961303710937500,-0.0000000000009094947017729282379,0.0000000000000000000000000000000,47.0000000000000000000000000000000,38.7500000000000000000000000000000,0.0000000043362522461620756075718,2.4426262378692626953125000000000,0.0000023040920495986938476562500,0.0254861954599618911743164062500,0.0000095702707767486572265625000,5153.6518554687500000000000000000000,532800.0000000000000000000000000000000,0.0000001285225152969360351562500,-0.7043268084526062011718750000000,0.0000005606561899185180664062500,0.9611179232597351074218750000000,189.8750000000000000000000000000000,-0.5018204450607299804687500000000,-0.0000000078371122924636438256130,-0.0000000002478674765438171334608,1.0000000000000000000000000000000,2337.0000000000000000000000000000000,0.0000000000000000000000000000000,2.0000000000000000000000000000000,0.0000000000000000000000000000000,-0.0000000102445483207702636718750,47.0000000000000000000000000000000,525618.0000000000000000000000000000000,4.0000000000000000000000000000000,nan,nan
G,G22,1413950400.00,-0.0000742278061807155609130859375,-0.0000000000031832314562052488327,0.0000000000000000000000000000000,89.0000000000000000000000000000000,43.0000000000000000000000000000000,0.0000000047301971228819184034364,3.1131207942962646484375000000000,0.0000021811574697494506835937500,0.0139187257736921310424804687500,0.0000060088932514190673828125000,5153.6840820312500000000000000000000,532800.0000000000000000000000000000000,0.0000001527369022369384765625000,-2.6164999008178710937500000000000,0.0000002533197402954101562500000,0.9604775905609130859375000000000,259.0625000000000000000000000000000,-1.0989633798599243164062500000000,-0.0000000079724751245180414116476,0.0000000001867934973365237283360,1.0000000000000000000000000000000,2337.0000000000000000000000000000000,0.0000000000000000000000000000000,2.7999999523162841796875000000000,0.0000000000000000000000000000000,-0.0000000111758708953857421875000,89.0000000000000000000000000000000,525618.0000000000000000000000000000000,4.0000000000000000000000000000000,nan,nan
G,G23,1413950400.00,0.0003496254794299602508544921875,0.0000000000080717654782347381115,0.0000000000000000000000000000000,237.0000000000000000000000000000000,6.5625000000000000000000000000000,0.0000000042019605572818363725673,-0.5136224627494812011718750000000,0.0000001881271600723266601562500,0.0048335222527384757995605468750,0.0000045876950025558471679687500,5153.6152343750000000000000000000000,532800.0000000000000000000000000000000,0.0000001136213541030883789062500,0.4084986448287963867187500000000,-0.0000000130385160446166992187500,0.9815804362297058105468750000000,305.0000000000000000000000000000000,-2.9242830276489257812500000000000,-0.0000000081160527187762454559561,0.0000000000175007282970929267663,1.0000000000000000000000000000000,2337.0000000000000000000000000000000,0.0000000000000000000000000000000,2.0000000000000000000000000000000,0.0000000000000000000000000000000,-0.0000000083819031715393066406250,1005.0000000000000000000000000000000,525618.0000000000000000000000000000000,4.0000000000000000000000000000000,nan,nan
G,G24,1413950400.00,-0.0004834015853703022003173828125,0.0000000000015916157281026244164,0.0000000000000000000000000000000,79.0000000000000000000000000000000,-10.5000000000000000000000000000000,0.0000000050162802800457484408980,0.7428028583526611328125000000000,-0.0000005848705768585205078125000,0.0161886494606733322143554687500,0.0000102389603853225708007812500,5153.6977539062500000000000000000000,532800.0000000000000000000000000000000,-0.0000002756714820861816406250000,2.4304258823394775390625000000000,0.0000000335276126861572265625000,0.9341636300086975097656250000000,171.4687500000000000000000000000000,1.0227634906768798828125000000000,-0.0000000084124929244921986537520,0.0000000000078574698830768952007,1.0000000000000000000000000000000,2337.0000000000000000000000000000000,0.0000000000000000000000000000000,2.0000000000000000000000000000000,0.0000000000000000000000000000000,0.0000000023283064365386962890625,79.0000000000000000000000000000000,525618.0000000000000000000000000000000,4.0000000000000000000000000000000,nan,nan
G,G25,1413957600.00,0.0004993770271539688110351562500,-0.0000000000002273736754432320595,0.0000000000000000000000000000000,48.0000000000000000000000000000000,42.6875000000000000000000000000000,0.0000000050591393296883779839845,0.0008240719907917082309722900391,0.0000021606683731079101562500000,0.0119420131668448448181152343750,0.0000063721090555191040039062500,5153.7133789062500000000000000000000,540000.0000000000000000000000000000000,-0.0000000763684511184692382812500,-2.7257857322692871093750000000000,0.0000001601874828338623046875000,0.9498329758644104003906250000000,256.5000000000000000000000000000000,1.0953191518783569335937500000000,-0.0000000084989251192268966406118,0.0000000001989368531019053421005,1.0000000000000000000000000000000,2337.0000000000000000000000000000000,0.0000000000000000000000000000000,2.0000000000000000000000000000000,0.0000000000000000000000000000000,0.0000000055879354476928710937500,48.0000000000000000000000000000000,536418.0000000000000000000000000000000,4.0000000000000000000000000000000,nan,nan
G,G27,1413950384.00,-0.0000347006134688854217529296875,-0.0000000000001136868377216160297,0.0000000000000000000000000000000,1.0000000000000000000000000000000,0.9687500000000000000000000000000,0.0000000046730517233584123459877,2.6938555240631103515625000000000,-0.0000000540167093276977539062500,0.0127422800287604331970214843750,0.0000074002891778945922851562500,5153.6821289062500000000000000000000,532784.0000000000000000000000000000000,-0.0000000316649675369262695312500,-1.6681826114654541015625000000000,-0.0000002179294824600219726562500,0.9596325755119323730468750000000,236.0312500000000000000000000000000,0.7994408011436462402343750000000,-0.0000000079017574705630977405235,-0.0000000003278708138321206888577,1.0000000000000000000000000000000,2337.0000000000000000000000000000000,0.0000000000000000000000000000000,2.0000000000000000000000000000000,0.0000000000000000000000000000000,0.0000000018626451492309570312500,1.0000000000000000000000000000000,525618.0000000000000000000000000000000,4.0000000000000000000000000000000,nan,nan
G,G28,1413957600.00,-0.0004583843983709812164306640625,-0.0000000000125055521493777632713,0.0000000000000000000000000000000,33.0000000000000000000000000000000,-7.9062500000000000000000000000000,0.0000000041880316992148891586112,-0.2759228050708770751953125000000,-0.0000003278255462646484375000000,0.0004592505283653736114501953125,0.0000105760991573333740234375000,5153.7480468750000000000000000000000,540000.0000000000000000000000000000000,-0.0000000577419996261596679687500,2.4987008571624755859375000000000,0.0000000856816768646240234375000,0.9615389704704284667968750000000,174.5312500000000000000000000000000,1.3980562686920166015625000000000,-0.0000000077974675605219090357423,0.0000000002200091636650469695269,1.0000000000000000000000000000000,2337.0000000000000000000000000000000,0.0000000000000000000000000000000,2.0000000000000000000000000000000,0.0000000000000000000000000000000,-0.0000000093132257461547851562500,801.0000000000000000000000000000000,534048.0000000000000000000000000000000,4.0000000000000000000000000000000,nan,nan
G,G30,1413950400.00,-0.0002949871122837066650390625000,0.0000000000076170181273482739925,0.0000000000000000000000000000000,157.0000000000000000000000000000000,-10.5312500000000000000000000000000,0.0000000049141331004420862882398,-0.2882582247257232666015625000000,-0.0000004395842552185058593750000,0.0071297506801784038543701171875,0.0000099223107099533081054687500,5153.7915039062500000000000000000000,532800.0000000000000000000000000000000,0.0000000707805156707763671875000,2.5284459590911865234375000000000,0.0000000875443220138549804687500,0.9356496334075927734375000000000,176.0937500000000000000000000000000,-2.4614999294281005859375000000000,-0.0000000082742728224616257648449,0.0000000002192948461710031438088,1.0000000000000000000000000000000,2337.0000000000000000000000000000000,0.0000000000000000000000000000000,2.0000000000000000000000000000000,0.0000000000000000000000000000000,0.0000000037252902984619140625000,157.0000000000000000000000000000000,525618.0000000000000000000000000000000,4.0000000000000000000000000000000,nan,nan
G,G31,1413957600.00,-0.0002228142693638801574707031250,0.0000000000005684341886080801487,0.0000000000000000000000000000000,116.0000000000000000000000000000000,-2.9062500000000000000000000000000,0.0000000044705434909531049925135,-0.1709381937980651855468750000000,0.0000000335276126861572265625000,0.0106908371672034263610839843750,0.0000103488564491271972656250000,5153.5869140625000000000000000000000,540000.0000000000000000000000000000000,0.0000000633299350738525390625000,2.5521936416625976562500000000000,0.0000001881271600723266601562500,0.9544435739517211914062500000000,177.2500000000000000000000000000000,0.7585145235061645507812500000000,-0.0000000081099802429207556997426,0.0000000002789402042679967053118,1.0000000000000000000000000000000,2337.0000000000000000000000000000000,0.0000000000000000000000000000000,2.0000000000000000000000000000000,0.0000000000000000000000000000000,-0.0000000130385160446166992187500,116.0000000000000000000000000000000,537636.0000000000000000000000000000000,4.0000000000000000000000000000000,nan,nan
G,G32,1413950384.00,-0.0005822144448757171630859375000,0.0000000000047748471843078732491,0.0000000000000000000000000000000,30.0000000000000000000000000000000,-85.7500000000000000000000000000000,0.0000000042923216092560778633924,-2.9543955326080322265625000000000,-0.0000043213367462158203125000000,0.0079449051991105079650878906250,0.0000070091336965560913085937500,5153.7451171875000000000000000000000,532784.0000000000000000000000000000000,0.0000000372529029846191406250000,1.4724204540252685546875000000000,-0.0000000316649675369262695312500,0.9627201557159423828125000000000,243.0625000000000000000000000000000,-2.1336181163787841796875000000000,-0.0000000078946147397118693334050,-0.0000000000946467973439446552675,1.0000000000000000000000000000000,2337.0000000000000000000000000000000,0.0000000000000000000000000000000,2.0000000000000000000000000000000,0.0000000000000000000000000000000,0.0000000009313225746154785156250,30.0000000000000000000000000000000,525942.0000000000000000000000000000000,4.0000000000000000000000000000000,nan,nan
R,R01,1413951318.00,0.0001022834330797195434570312500,0.0000000000009094947017729282379,532800.0000000000000000000000000000000,8575149.0000000000000000000000000000000,-3007.0161132812500000000000000000000,0.0000018626451492309570312500000,0.0000000000000000000000000000000,9440052.0000000000000000000000000000000,338.8719482421875000000000000000000,0.0000018626451492309570312500000,1.0000000000000000000000000000000,22084402.0000000000000000000000000000000,1022.9549560546875000000000000000000,-0.0000009313225746154785156250000,0.0000000000000000000000000000000,nan,nan,nan,nan,nan,nan,nan,nan,nan,nan,nan,nan,nan,nan,nan,nan
R,R02,1413949518.00,-0.0000253822654485702514648437500,0.0000000000000000000000000000000,531000.0000000000000000000000000000000,24693952.0000000000000000000000000000000,-736.0553588867187500000000000000000,0.0000000000000000000000000000000,0.0000000000000000000000000000000,3622341.7500000000000000000000000000000,-227.4084167480468750000000000000000,0.0000018626451492309570312500000,-4.0000000000000000000000000000000,5491059.0000000000000000000000000000000,3477.6591796875000000000000000000000,0.0000000000000000000000000000000,0.0000000000000000000000000000000,nan,nan,nan,nan,nan,nan,nan,nan,nan,nan,nan,nan,nan,nan,nan,nan
R,R03,1413949518.00,0.0001101205125451087951660156250,0.0000000000000000000000000000000,531900.0000000000000000000000000000000,22129488.0000000000000000000000000000000,1622.0855712890625000000000000000000,-0.0000009313225746154785156250000,0.0000000000000000000000000000000,-4789134.0000000000000000000000000000000,-109.7297668457031250000000000000000,0.0000000000000000000000000000000,5.0000000000000000000000000000000,-11774436.0000000000000000000000000000000,3076.3149414062500000000000000000000,0.0000018626451492309570312500000,0.0000000000000000000000000000000,nan,nan,nan,nan,nan,nan,nan,nan,nan,nan,nan,nan,nan,nan,nan,nan
R,R08,1413949518.00,-0.0000063646584749221801757812500,0.0000000000000000000000000000000,531000.0000000000000000000000000000000,-7222724.5000000000000000000000000000000,-3039.6728515625000000000000000000000,0.0000018626451492309570312500000,0.0000000000000000000000000000000,10180516.0000000000000000000000000000000,-54.4986724853515625000000000000000,0.0000009313225746154785156250000,6.0000000000000000000000000000000,22291972.0000000000000000000000000000000,-966.1693725585937500000000000000000,-0.0000018626451492309570312500000,0.0000000000000000000000000000000,nan,nan,nan,nan,nan,nan,nan,nan,nan,nan,nan,nan,nan,nan,nan,nan
R,R09,1413949518.00,0.0002168584614992141723632812500,0.0000000000027284841053187847137,532290.0000000000000000000000000000000,-12574765.0000000000000000000000000000000,1535.0609130859375000000000000000000,0.0000009313225746154785156250000,0.0000000000000000000000000000000,-213036.1250000000000000000000000000000,-2616.9013671875000000000000000000000,0.0000000000000000000000000000000,-2.0000000000000000000000000000000,22222956.0000000000000000000000000000000,836.4658203125000000000000000000000,-0.0000027939677238464355468750000,0.0000000000000000000000000000000,nan,nan,nan,nan,nan,nan,nan,nan,nan,nan,nan,nan,nan,nan,nan,nan
R,R15,1413949518.00,0.0000746576115489006042480468750,0.0000000000000000000000000000000,531000.0000000000000000000000000000000,11061901.0000000000000000000000000000000,224.6961669921875000000000000000000,-0.0000009313225746154785156250000,0.0000000000000000000000000000000,-22465468.0000000000000000000000000000000,-639.7161254882812500000000000000000,-0.0000018626451492309570312500000,0.0000000000000000000000000000000,4858773.0000000000000000000000000000000,-3482.6604003906250000000000000000000,0.0000000000000000000000000000000,0.0000000000000000000000000000000,nan,nan,nan,nan,nan,nan,nan,nan,nan,nan,nan,nan,nan,nan,nan,nan
R,R16,1413949518.00,0.0000302419066429138183593750000,0.0000000000000000000000000000000,531000.0000000000000000000000000000000,-710636.7500000000000000000000000000000,1307.0211181640625000000000000000000,0.0000000000000000000000000000000,0.0000000000000000000000000000000,-16469102.0000000000000000000000000000000,-2323.7553710937500000000000000000000,-0.0000009313225746154785156250000,-1.0000000000000000000000000000000,19461226.0000000000000000000000000000000,-1922.7122802734375000000000000000000,-0.0000018626451492309570312500000,0.0000000000000000000000000000000,nan,nan,nan,nan,nan,nan,nan,nan,nan,nan,nan,nan,nan,nan,nan,nan
R,R17,1413949518.00,0.0001341039314866065979003906250,0.0000000000027284841053187847137,531000.0000000000000000000000000000000,9304285.0000000000000000000000000000000,1474.9860839843750000000000000000000,0.0000000000000000000000000000000,0.0000000000000000000000000000000,-5185279.0000000000000000000000000000000,2810.4943847656250000000000000000000,0.0000000000000000000000000000000,4.0000000000000000000000000000000,23192816.0000000000000000000000000000000,32.1254730224609375000000000000000,-0.0000018626451492309570312500000,0.0000000000000000000000000000000,nan,nan,nan,nan,nan,nan,nan,nan,nan,nan,nan,nan,nan,nan,nan,nan
R,R18,1413949518.00,0.0001687025651335716247558593750,0.0000000000018189894035458564758,531000.0000000000000000000000000000000,-742156.7500000000000000000000000000000,942.7719116210937500000000000000000,0.0000000000000000000000000000000,0.0000000000000000000000000000000,-18723662.0000000000000000000000000000000,2179.2612304687500000000000000000000,-0.0000009313225746154785156250000,-3.0000000000000000000000000000000,17308416.0000000000000000000000000000000,2404.4094238281250000000000000000000,-0.0000018626451492309570312500000,0.0000000000000000000000000000000,nan,nan,nan,nan,nan,nan,nan,nan,nan,nan,nan,nan,nan,nan,nan,nan
R,R23,1413949518.00,-0.0001366585493087768554687500000,-0.0000000000009094947017729282379,531000.0000000000000000000000000000000,10764298.0000000000000000000000000000000,114.2263412475585937500000000000000,0.0000009313225746154785156250000,0.0000000000000000000000000000000,23070622.0000000000000000000000000000000,-295.3357543945312500000000000000000,0.0000027939677238464355468750000,3.0000000000000000000000000000000,-1553255.3750000000000000000000000000000,-3596.0607910156250000000000000000000,0.0000009313225746154785156250000,0.0000000000000000000000000000000,nan,nan,nan,nan,nan,nan,nan,nan,nan,nan,nan,nan,nan,nan,nan,nan
R,R24,1413949518.00,-0.0000774962827563285827636718750,-0.0000000000018189894035458564758,531000.0000000000000000000000000000000,15259033.0000000000000000000000000000000,1142.8137207031250000000000000000000,0.0000009313225746154785156250000,0.0000000000000000000000000000000,12433931.0000000000000000000000000000000,1905.9123535156250000000000000000000,0.0000027939677238464355468750000,2.0000000000000000000000000000000,16233032.0000000000000000000000000000000,-2539.9675292968750000000000000000000,0.0000000000000000000000000000000,0.0000000000000000000000000000000,nan,nan,nan,nan,nan,nan,nan,nan,nan,nan,nan,nan,nan,nan,nan,nan
E,E03,1413951000.00,-0.0001493059680797159671783447266,-0.0000000000024442670110147446394,0.0000000000000000000000000000000,0.0000000000000000000000000000000,-136.8750000000000000000000000000000,0.0000000031015576773540942667751,-2.2722172737121582031250000000000,-0.0000064000487327575683593750000,0.0003871796652674674987792968750,0.0000062491744756698608398437500,5440.6171875000000000000000000000000,533400.0000000000000000000000000000000,0.0000000912696123123168945312500,1.5498386621475219726562500000000,-0.0000000353902578353881835937500,0.9620704650878906250000000000000,209.8125000000000000000000000000000,1.0796359777450561523437500000000,-0.0000000057080948856480517861200,-0.0000000002678683108658930223100,258.0000000000000000000000000000000,2337.0000000000000000000000000000000,0.0000000000000000000000000000000,3.1199998855590820312500000000000,0.0000000000000000000000000000000,0.0000000011641532182693481445312,0.0000000000000000000000000000000,534100.0000000000000000000000000000000,nan,nan,nan
E,E05,1413948000.00,0.0047961431555449962615966796875,0.0000000000033537617127876728773,0.0000000000000000000000000000000,122.0000000000000000000000000000000,-133.7500000000000000000000000000000,0.0000000031229872021754090383183,-2.2384090423583984375000000000000,-0.0000062193721532821655273437500,0.0001414882717654109001159667969,0.0000063683837652206420898437500,5440.6157226562500000000000000000000,530400.0000000000000000000000000000000,0.0000000577419996261596679687500,1.5498603582382202148437500000000,0.0000000018626451492309570312500,0.9620841741561889648437500000000,204.0937500000000000000000000000000,1.4538739919662475585937500000000,-0.0000000057373816808592437155312,-0.0000000002021512818251025578320,258.0000000000000000000000000000000,2337.0000000000000000000000000000000,0.0000000000000000000000000000000,3.1199998855590820312500000000000,0.0000000000000000000000000000000,0.0000000023283064365386962890625,0.0000000000000000000000000000000,531100.0000000000000000000000000000000,nan,nan,nan
E,E07,1413950400.00,-0.0001493495074100792407989501953,-0.0000000000020889956431346945465,0.0000000000000000000000000000000,126.0000000000000000000000000000000,-109.0625000000000000000000000000000,0.0000000030722708821429023373639,2.8286333084106445312500000000000,-0.0000050179660320281982421875000,0.0001903189113363623619079589844,0.0000062081962823867797851562500,5440.6157226562500000000000000000000,532800.0000000000000000000000000000000,-0.0000000149011611938476562500000,1.5499079227447509765625000000000,0.0000000689178705215454101562500,0.9621113538742065429687500000000,207.7500000000000000000000000000000,0.6248865127563476562500000000000,-0.0000000056616644705798080394743,-0.0000000001417916201118529784253,517.0000000000000000000000000000000,2337.0000000000000000000000000000000,0.0000000000000000000000000000000,3.1199998855590820312500000000000,0.0000000000000000000000000000000,0.0000000039581209421157836914062,0.0000000053551048040390014648438,533464.0000000000000000000000000000000,nan,nan,nan
E,E08,1413949800.00,-0.0003574682632461190223693847656,-0.0000000000061390892369672656059,0.0000000000000000000000000000000,125.0000000000000000000000000000000,-117.6562500000000000000000000000000,0.0000000030019107200018879666459,-3.0838723182678222656250000000000,-0.0000053476542234420776367187500,0.0003085575299337506294250488281,0.0000059641897678375244140625000,5440.6137695312500000000000000000000,532200.0000000000000000000000000000000,-0.0000001061707735061645507812500,1.5504013299942016601562500000000,-0.0000000521540641784667968750000,0.9679161310195922851562500000000,218.6875000000000000000000000000000,0.9694963097572326660156250000000,-0.0000000055670175136413035943406,-0.0000000001939366445213863698882,517.0000000000000000000000000000000,2337.0000000000000000000000000000000,0.0000000000000000000000000000000,3.1199998855590820312500000000000,0.0000000000000000000000000000000,-0.0000000051222741603851318359375,-0.0000000048894435167312622070312,532864.0000000000000000000000000000000,nan,nan,nan
E,E10,1413951000.00,-0.0006656383047811686992645263672,-0.0000000000025437429940211586654,0.0000000000000000000000000000000,0.0000000000000000000000000000000,82.0937500000000000000000000000000,0.0000000024143862464853782512364,-0.3873139917850494384765625000000,0.0000036731362342834472656250000,0.0002573876408860087394714355469,0.0000087041407823562622070312500,5440.6079101562500000000000000000000,533400.0000000000000000000000000000000,-0.0000000186264514923095703125000,-0.5413913130760192871093750000000,-0.0000000149011611938476562500000,1.0000470876693725585937500000000,170.5000000000000000000000000000000,-3.0245106220245361328125000000000,-0.0000000052887916268673507147469,0.0000000000135719942229162171543,258.0000000000000000000000000000000,2337.0000000000000000000000000000000,0.0000000000000000000000000000000,3.1199998855590820312500000000000,0.0000000000000000000000000000000,-0.0000000018626451492309570312500,0.0000000000000000000000000000000,536600.0000000000000000000000000000000,nan,nan,nan
E,E12,1413947400.00,-0.0012675450416281819343566894531,-0.0000000000158735247168806381524,0.0000000000000000000000000000000,121.0000000000000000000000000000000,81.5312500000000000000000000000000,0.0000000024368871365254562988412,-2.9659829139709472656250000000000,0.0000035949051380157470703125000,0.0001630326732993125915527343750,0.0000085271894931793212890625000,5440.6171875000000000000000000000000,529800.0000000000000000000000000000000,0.0000000037252902984619140625000,-0.5386774539947509765625000000000,0.0000000018626451492309570312500,0.9971158504486083984375000000000,172.6250000000000000000000000000000,-0.5247674584388732910156250000000,-0.0000000053005777544967713765800,-0.0000000000207151483466727626137,517.0000000000000000000000000000000,2337.0000000000000000000000000000000,0.0000000000000000000000000000000,3.1199998855590820312500000000000,0.0000000000000000000000000000000,-0.0000000132713466882705688476562,-0.0000000121071934700012207031250,532564.0000000000000000000000000000000,nan,nan,nan
E,E13,1413950400.00,-0.0000261272070929408073425292969,-0.0000000000003410605131648480892,0.0000000000000000000000000000000,126.0000000000000000000000000000000,46.7187500000000000000000000000000,0.0000000024083146588083081951481,0.9279500246047973632812500000000,0.0000021681189537048339843750000,0.0002719281474128365516662597656,0.0000090580433607101440429687500,5440.6103515625000000000000000000000,532800.0000000000000000000000000000000,-0.0000000484287738800048828125000,-0.5395030975341796875000000000000,-0.0000000167638063430786132812500,1.0002030134201049804687500000000,165.6875000000000000000000000000000,-1.6747391223907470703125000000000,-0.0000000052348609891339492605766,-0.0000000000117862048246153428011,258.0000000000000000000000000000000,2337.0000000000000000000000000000000,0.0000000000000000000000000000000,3.1199998855590820312500000000000,0.0000000000000000000000000000000,0.0000000041909515857696533203125,0.0000000000000000000000000000000,533500.0000000000000000000000000000000,nan,nan,nan
E,E15,1413943800.00,-0.0001352811814285814762115478516,-0.0000000000022026824808563105762,0.0000000000000000000000000000000,115.0000000000000000000000000000000,46.1562500000000000000000000000000,0.0000000023772419588397042389261,0.9107412099838256835937500000000,0.0000020526349544525146484375000,0.0003335712244734168052673339844,0.0000089108943939208984375000000,5440.6088867187500000000000000000000,526200.0000000000000000000000000000000,-0.0000000372529029846191406250000,-0.5395405292510986328125000000000,-0.0000000149011611938476562500000,1.0001598596572875976562500000000,168.6875000000000000000000000000000,-1.6775904893875122070312500000000,-0.0000000052448614340505628206301,-0.0000000000732173349726750188893,258.0000000000000000000000000000000,2337.0000000000000000000000000000000,0.0000000000000000000000000000000,3.1199998855590820312500000000000,0.0000000000000000000000000000000,0.0000000048894435167312622070312,0.0000000000000000000000000000000,526900.0000000000000000000000000000000,nan,nan,nan
E,E21,1413946200.00,-0.0006245964323170483112335205078,-0.0000000000022453150450019165874,0.0000000000000000000000000000000,119.0000000000000000000000000000000,55.7187500000000000000000000000000,0.0000000034330001064120096998522,0.4252269864082336425781250000000,0.0000026039779186248779296875000,0.0000713987974449992179870605469,0.0000055599957704544067382812500,5440.6132812500000000000000000000000,528600.0000000000000000000000000000000,-0.0000000149011611938476562500000,-2.6336255073547363281250000000000,-0.0000000223517417907714843750000,0.9652416706085205078125000000000,228.5000000000000000000000000000000,-0.3925707936286926269531250000000,-0.0000000057184523782893847965170,0.0000000001567922458534098950622,258.0000000000000000000000000000000,2337.0000000000000000000000000000000,0.0000000000000000000000000000000,3.1199998855590820312500000000000,0.0000000000000000000000000000000,0.0000000025611370801925659179688,0.0000000000000000000000000000000,529300.0000000000000000000000000000000,nan,nan,nan
E,E24,1413950400.00,-0.0010635220678523182868957519531,-0.0000000000213162820728030055761,0.0000000000000000000000000000000,126.0000000000000000000000000000000,55.7187500000000000000000000000000,0.0000000034094276291085634511546,-2.5087885856628417968750000000000,0.0000024028122425079345703125000,0.0005566228646785020828247070312,0.0000055283308029174804687500000,5440.6181640625000000000000000000000,532800.0000000000000000000000000000000,0.0000000111758708953857421875000,-2.6308703422546386718750000000000,-0.0000000298023223876953125000000,0.9630624055862426757812500000000,217.7812500000000000000000000000000,0.7216700315475463867187500000000,-0.0000000057091664729114199872129,0.0000000001814361300089828432647,258.0000000000000000000000000000000,2337.0000000000000000000000000000000,0.0000000000000000000000000000000,3.1199998855590820312500000000000,0.0000000000000000000000000000000,-0.0000000046566128730773925781250,0.0000000000000000000000000000000,533500.0000000000000000000000000000000,nan,nan,nan
E,E25,1413951600.00,0.0000105414073914289474487304688,0.0000000000004405364961712621152,0.0000000000000000000000000000000,1.0000000000000000000000000000000,56.3750000000000000000000000000000,0.0000000033801408338973715217435,-1.5222078561782836914062500000000,0.0000023692846298217773437500000,0.0002115500392392277717590332031,0.0000058915466070175170898437500,5440.6103515625000000000000000000000,534000.0000000000000000000000000000000,-0.0000000279396772384643554687500,-2.6336588859558105468750000000000,-0.0000000074505805969238281250000,0.9652491807937622070312500000000,217.3750000000000000000000000000000,-0.8994107842445373535156250000000,-0.0000000056823794558624740602681,0.0000000002103659052510309379613,258.0000000000000000000000000000000,2337.0000000000000000000000000000000,0.0000000000000000000000000000000,3.1199998855590820312500000000000,0.0000000000000000000000000000000,0.0000000030267983675003051757812,0.0000000000000000000000000000000,535150.0000000000000000000000000000000,nan,nan,nan
E,E26,1413950400.00,-0.0002301148488186299800872802734,0.0000000000108855147118447348475,0.0000000000000000000000000000000,126.0000000000000000000000000000000,48.5312500000000000000000000000000,0.0000000025658211111334594534128,0.5312197804450988769531250000000,0.0000023674219846725463867187500,0.0003573788562789559364318847656,0.0000088755041360855102539062500,5440.6083984375000000000000000000000,532800.0000000000000000000000000000000,-0.0000000428408384323120117187500,-0.5401593446731567382812500000000,0.0000000763684511184692382812500,0.9935206174850463867187500000000,167.6875000000000000000000000000000,-2.0757668018341064453125000000000,-0.0000000053577231540202774340287,0.0000000000200008325873524128724,258.0000000000000000000000000000000,2337.0000000000000000000000000000000,0.0000000000000000000000000000000,3.1199998855590820312500000000000,0.0000000000000000000000000000000,-0.0000000053551048040390014648438,0.0000000000000000000000000000000,533500.0000000000000000000000000000000,nan,nan,nan
E,E29,1413954000.00,-0.0000405932078137993812561035156,-0.0000000000029984903449076227844,0.0000000000000000000000000000000,5.0000000000000000000000000000000,-102.5625000000000000000000000000000,0.0000000032258486992731150166946,0.8426278233528137207031250000000,-0.0000048261135816574096679687500,0.0003835198003798723220825195312,0.0000060386955738067626953125000,5440.6132812500000000000000000000000,536400.0000000000000000000000000000000,0.0000000186264514923095703125000,1.5526586771011352539062500000000,0.0000000298023223876953125000000,0.9554126858711242675781250000000,207.8750000000000000000000000000000,2.2420639991760253906250000000000,-0.0000000057652402851715578435687,-0.0000000001907222296759769619712,517.0000000000000000000000000000000,2337.0000000000000000000000000000000,0.0000000000000000000000000000000,3.1199998855590820312500000000000,0.0000000000000000000000000000000,-0.0000000032596290111541748046875,-0.0000000020954757928848266601562,537274.0000000000000000000000000000000,nan,nan,nan
E,E31,1413946800.00,-0.0000405862811021506786346435547,-0.0000000000014352963262354023755,0.0000000000000000000000000000000,120.0000000000000000000000000000000,53.4375000000000000000000000000000,0.0000000034079989941204757997184,-0.3381664156913757324218750000000,0.0000024549663066864013671875000,0.0002400052035227417945861816406,0.0000056754797697067260742187500,5440.6079101562500000000000000000000,529200.0000000000000000000000000000000,-0.0000000093132257461547851562500,-2.6336982250213623046875000000000,-0.0000000260770320892333984375000,0.9652180671691894531250000000000,217.0312500000000000000000000000000,-1.1146825551986694335937500000000,-0.0000000056938085357671752717579,0.0000000001767930801754857839114,258.0000000000000000000000000000000,2337.0000000000000000000000000000000,0.0000000000000000000000000000000,3.1199998855590820312500000000000,0.0000000000000000000000000000000,0.0000000034924596548080444335938,0.0000000000000000000000000000000,529900.0000000000000000000000000000000,nan,nan,nan
E,E33,1413950400.00,0.0000159420305863022804260253906,0.0000000000000710542735760100186,0.0000000000000000000000000000000,126.0000000000000000000000000000000,61.3437500000000000000000000000000,0.0000000025668926983968276545056,0.0466184429824352264404296875000,0.0000030100345611572265625000000,0.0003624686505645513534545898438,0.0000082049518823623657226562500,5440.6069335937500000000000000000000,532800.0000000000000000000000000000000,0.0000000745058059692382812500000,-0.5395385622978210449218750000000,0.0000000093132257461547851562500,1.0002198219299316406250000000000,182.7812500000000000000000000000000,-2.3377411365509033203125000000000,-0.0000000053477227091036638739752,-0.0000000000153577827538553535192,258.0000000000000000000000000000000,2337.0000000000000000000000000000000,0.0000000000000000000000000000000,3.1199998855590820312500000000000,0.0000000000000000000000000000000,-0.0000000044237822294235229492188,0.0000000000000000000000000000000,533500.0000000000000000000000000000000,nan,nan,nan
